MonthIndex,PredictedAmount
12,9602.22222222222
13,9708.055555555555
14,9813.888888888887
15,9919.72222222222
16,10025.555555555555
17,10131.388888888887
